Frame Index,Latency (ms),7-Frame Trend (ms),High-Frequency Jitter (ms),System Jitter (ms),Cumulative Drift (ms),Temperature Change (C),Centered Trend Component (ms),GPU Temperature (C),GPU SM Clock (MHz),GPU Utilization (%),GPU Power (W),DVFS Event,DVFS Effect (ms),Spike Event,Spike Effect (ms),Burst Effect (ms)
0,9.500360761369977,9.38395426224689,0.11640649912308731,0.11543510325796065,0.0,0.0,0.07923954510480336,31.0,2940.0,18.0,124.49,0,0.0,0,0.0,0.0
1,9.538934980119977,9.422637628049264,0.11629735207071334,0.11532595620558668,0.03868336580237397,0.0,0.11792291090717733,31.0,2940.0,18.0,124.49,0,0.0,0,0.0,0.0
2,9.305553981236049,9.4196388088927,-0.11408482765665084,-0.11505622352177751,0.0743679124481833,0.0,0.11492409175061269,31.0,2940.0,18.0,124.49,0,0.0,0,0.0,0.0
3,9.249170575823102,9.385349195830676,-0.13617862000757341,-0.13715001587270007,0.07576284603196903,0.0,0.08063447868858908,31.0,2940.0,18.0,124.49,0,0.0,0,0.0,0.0
4,9.519954136439733,9.3892859634088,0.1306681730309318,0.12969677716580516,0.08109454719387976,0.0,0.08457124626671408,31.0,2940.0,18.0,124.49,0,0.0,0,0.0,0.0
5,9.284562247140068,9.35470892458546,-0.0701466774453916,-0.07111807331051827,0.05184920953244898,0.0,0.049994207443372574,31.0,2940.0,18.0,124.49,0,0.0,0,0.0,0.0
6,9.298907688685826,9.346732470454002,-0.04782478176817584,-0.0487961776333025,0.01462741773956111,0.0,0.042017753311915484,31.0,2940.0,18.0,124.49,0,0.0,0,0.0,0.0
7,9.527918134416852,9.392535462671397,0.1353826717454556,0.13441127588032895,0.02320861816406783,0.0,0.08782074552931007,31.0,2940.0,18.0,124.49,0,0.0,0,0.0,0.0
8,9.296895708356585,9.401492838956871,-0.10459713060028619,-0.10556852646541286,0.040747194874048986,0.0,0.09677812181478451,31.0,2940.0,18.0,124.49,0,0.0,0,0.0,0.0
9,9.249718802315849,9.447152273995536,-0.1974334716796875,-0.19840486754481415,0.10394520662269535,0.0,0.14243755685344972,31.0,2940.0,18.0,124.49,0,0.0,0,0.0,0.0
10,9.569791521344866,9.454407672492824,0.11538384885204245,0.11441245298691578,0.17439861686862912,0.0,0.14969295535073712,31.0,2940.0,18.0,121.38,0,0.0,0,0.0,0.0
11,9.582655770438057,9.448200926488758,0.13445484394929963,0.13348344808417298,0.23864528111049665,0.0,0.1434862093466709,31.0,2940.0,18.0,121.38,0,0.0,0,0.0,0.0
12,9.604178292410714,9.467539417500397,0.13663887491031623,0.13566747904518958,0.32223043636400384,0.0,0.16282470035831054,31.0,2940.0,18.0,121.38,0,0.0,0,0.0,0.0
13,9.349695478166852,9.470957541952327,-0.12126206378547444,-0.1222334596506011,0.4092337160694406,0.0,0.1662428248102401,31.0,2940.0,18.0,121.38,0,0.0,0,0.0,0.0
14,9.484470912388392,9.434669650330834,0.049801262057558304,0.04882986619243165,0.4599491041533845,0.0,0.1299549331887473,31.0,2940.0,18.0,121.38,0,0.0,0,0.0,0.0
15,9.432265145438057,9.41092572893415,0.021339416503908026,0.020368020638781365,0.48692057084064366,0.0,0.10621101179206249,31.0,2940.0,18.0,121.38,0,0.0,0,0.0,0.0
16,9.273645673479352,9.376967916683274,-0.10332224320392136,-0.10429363906904802,0.47993422527702734,0.0,0.07225319954118703,31.0,2940.0,18.0,121.38,0,0.0,0,0.0,0.0
17,9.31577627999442,9.402327712701291,-0.08655143270687127,-0.08752282857199793,0.49830767573142865,0.0,0.09761299555920466,31.0,2940.0,18.0,121.38,0,0.0,0,0.0,0.0
18,9.416448320661273,9.385823463907048,0.03062485675422444,0.029653460889097778,0.5001768773915867,0.0,0.08110874676496138,31.0,2940.0,18.0,121.38,0,0.0,0,0.0,0.0
19,9.366473606654576,9.372320836904098,-0.005847230249521829,-0.006818626114648489,0.4885434520487948,0.0,0.06760611976201147,31.0,2940.0,18.0,121.38,0,0.0,0,0.0,0.0
20,9.527214050292969,9.378544554418447,0.14866949587452183,0.14769810000939518,0.4831337442203516,0.0,0.07382983727636017,31.0,2842.0,18.0,118.8,1,0.14866949587452183,0,0.0,0.0
21,9.368941170828682,9.387891185526946,-0.018950014698264184,-0.019921410563390845,0.48707066750040795,0.0,0.0831764683848597,31.0,2842.0,18.0,118.8,1,-0.018950014698264184,0,0.0,0.0
22,9.337746756417411,9.391347145547673,-0.05360038913026166,-0.05457178499538832,0.494463550801191,0.0,0.08663242840558638,31.0,2842.0,18.0,118.8,1,-0.05360038913026166,0,0.0,0.0
23,9.317211696079799,9.412192831234057,-0.09498113515425821,-0.09595253101938488,0.5227021197883577,0.0,0.10747811409197006,31.0,2842.0,18.0,118.8,1,-0.09498113515425821,0,0.0,0.0
24,9.381202697753906,9.416156846649793,-0.03495414889588666,-0.03592554476101332,0.5549047041912605,0.0,0.11144212950770616,31.0,2842.0,18.0,118.8,1,-0.03495414889588666,0,0.0,0.0
25,9.440640040806361,9.409920205875318,0.03071983493104291,0.02974843906591625,0.5808706478196886,0.0,0.10520548873323143,31.0,2842.0,18.0,118.8,1,0.03071983493104291,0,0.0,0.0
26,9.512393406459264,9.413784883460218,0.09860852299904543,0.09763712713391877,0.6107012690330169,0.0,0.10907016631813171,31.0,2842.0,18.0,118.8,1,0.09860852299904543,0,0.0,0.0
27,9.554962158203125,9.437454379334742,0.11750777886838293,0.11653638300325626,0.6642013861208689,0.0,0.13273966219265532,31.0,2842.0,18.0,118.8,1,0.11750777886838293,0,0.0,0.0
28,9.325284685407366,9.444540062729194,-0.1192553773218279,-0.12022677318695456,0.724787186603173,0.0,0.13982534558710746,31.0,2842.0,18.0,118.8,1,-0.1192553773218279,0,0.0,0.0
29,9.364799499511719,9.423886357521525,-0.059086858009806065,-0.06005825387493272,0.7647192818778077,0.0,0.11917164037943806,31.0,2842.0,18.0,118.8,1,-0.059086858009806065,0,0.0,0.0
30,9.482898167201451,9.390098260373485,0.0927999068279668,0.09182851096284013,0.7708632800044022,0.0,0.08538354323139785,31.0,2865.0,18.0,117.74,1,0.0927999068279668,0,0.0,0.0
31,9.430802481515068,9.347792956293846,0.08300952522122174,0.08203812935609507,0.7347019740513581,0.0,0.043078239151759234,31.0,2865.0,18.0,117.74,1,0.08300952522122174,0,0.0,0.0
32,9.296064104352679,9.341445144341918,-0.04538103998923937,-0.04635243585436603,0.6921928561463861,0.0,0.03673042719983144,31.0,2865.0,18.0,117.74,1,-0.04538103998923937,0,0.0,0.0
33,9.275876726422991,9.32670562121333,-0.05082889479033881,-0.051800290655465465,0.6349442151128262,0.0,0.021990904071243378,31.0,2865.0,18.0,117.74,1,-0.05082889479033881,0,0.0,0.0
34,9.258825029645648,9.294577618034518,-0.03575258838887052,-0.03672398425399718,0.5455675709004542,0.0,-0.010137099107568659,31.0,2865.0,18.0,117.74,1,-0.03575258838887052,0,0.0,0.0
35,9.280850001743861,9.26718435482103,0.013665646922831343,0.012694251057704681,0.4287976634745938,0.0,-0.037530362321057,31.0,2865.0,18.0,117.74,1,0.013665646922831343,0,0.0,0.0
36,9.261622837611608,9.261356431610729,0.0002664060008790159,-0.0007049898642476445,0.30619983283843233,0.0,-0.04335828553135812,31.0,2865.0,18.0,117.74,1,0.0002664060008790159,0,0.0,0.0
37,9.258002144949776,9.272715821558114,-0.014713676608337778,-0.01568507247346444,0.19496139214965602,0.0,-0.03199889558397295,31.0,2865.0,18.0,117.74,1,-0.014713676608337778,0,0.0,0.0
38,9.239049639020648,9.276887543347417,-0.03783790432676959,-0.03880930019189625,0.08789467325018308,0.0,-0.02782717379466959,31.0,2865.0,18.0,117.74,1,-0.03783790432676959,0,0.0,0.0
39,9.25526864188058,9.27134829151387,-0.01607964963329067,-0.017051045498417332,-0.024711297482836514,0.0,-0.033366425628216234,31.0,2865.0,18.0,117.74,1,-0.01607964963329067,0,0.0,0.0
40,9.355392456054688,9.277726153938136,0.07766630211655112,0.07669490625142446,-0.13093940579159025,0.0,-0.026988563203950378,31.0,2940.0,18.0,117.74,0,0.0,0,0.0,0.0
41,9.288027082170759,9.279821123395648,0.0082059587751111,0.007234562909984439,-0.23507254464283278,0.0,-0.02489359374643918,31.0,2940.0,18.0,117.74,0,0.0,0,0.0,0.0
42,9.24207523890904,9.278436621841118,-0.03636138293207836,-0.037332778797205014,-0.3405901850486046,0.0,-0.026278095300968474,31.0,2940.0,18.0,117.74,0,0.0,0,0.0,0.0
43,9.306267874581474,9.27651276880381,0.029755105777663715,0.028783709912537054,-0.44803167849168446,0.0,-0.028201948338276495,31.0,2940.0,18.0,117.74,0,0.0,0,0.0,0.0
44,9.272666931152344,9.261093918158084,0.011573012994260168,0.010601617129133507,-0.570892022580491,0.0,-0.04362079898400317,31.0,2940.0,18.0,117.74,0,0.0,0,0.0,0.0
45,9.229358128138951,9.254262963119817,-0.024904834980866042,-0.025876230845992703,-0.7005833217075637,0.0,-0.05045175402226931,31.0,2940.0,18.0,117.74,0,0.0,0,0.0,0.0
46,9.24180167061942,9.258859284070073,-0.017057613450653264,-0.018029009315779925,-0.8256782998843804,0.0,-0.04585543307201334,31.0,2940.0,18.0,117.74,0,0.0,0,0.0,0.0
47,9.247460501534599,9.273277438416773,-0.025816936882174346,-0.026788332747301007,-0.9363551237144971,0.0,-0.03143727872531343,31.0,2940.0,18.0,117.74,0,0.0,0,0.0,0.0
48,9.240210396902901,9.270322994310028,-0.03011259740712724,-0.0310839932722539,-1.049986391651359,0.0,-0.03439172283205849,31.0,2940.0,18.0,117.74,0,0.0,0,0.0,0.0
49,9.274249485560826,9.274072763871173,0.0001767216896535473,-0.0007946741754731131,-1.1598678900270762,0.0,-0.030641953270913902,31.0,2940.0,18.0,117.74,0,0.0,0,0.0,0.0
50,9.40719495500837,9.274583310497048,0.13261164451132146,0.1316402486461948,-1.269238841776918,0.0,-0.03013140664503844,31.0,2940.0,18.0,119.08,0,0.0,0,0.0,0.0
51,9.251985822405134,9.269618754484215,-0.017632932079081343,-0.018604327944208004,-1.3835743495395931,0.0,-0.03509596265787174,31.0,2940.0,18.0,119.08,0,0.0,0,0.0,0.0
52,9.255606515066964,9.268439312370456,-0.012832797303492072,-0.013804193168618733,-1.4990892994160276,0.0,-0.03627540477163116,31.0,2940.0,18.0,119.08,0,0.0,0,0.0,0.0
53,9.245375497000557,9.264027186802455,-0.018651689801897575,-0.019623085667024236,-1.619016374860463,0.0,-0.040687530339631905,31.0,2940.0,18.0,119.08,0,0.0,0,0.0,0.0
54,9.212708609444755,9.243587727449377,-0.03087911800462173,-0.03185051386974839,-1.759382909657976,0.0,-0.0611269896927098,31.0,2940.0,18.0,119.08,0,0.0,0,0.0,0.0
55,9.231954302106585,9.240117442851163,-0.008163140744578357,-0.009134536609705018,-1.9032197290537027,0.0,-0.06459727429092332,31.0,2940.0,18.0,119.08,0,0.0,0,0.0,0.0
56,9.243364606584821,9.234603103326291,0.008761503258529757,0.007790107393403097,-2.0525708879743014,0.0,-0.07011161381579534,31.0,2940.0,18.0,119.08,0,0.0,0,0.0,0.0
57,9.26411873953683,9.255375764807876,0.008742974728953357,0.007771578863826696,-2.181149385413315,0.0,-0.04933895233421026,31.0,2940.0,18.0,119.08,0,0.0,0,0.0,0.0
58,9.227693830217634,9.266558744469467,-0.03886491425183358,-0.03983631011696024,-2.298544903190738,0.0,-0.0381559726726195,31.0,2940.0,18.0,119.08,0,0.0,0,0.0,0.0
59,9.217006138392858,9.26517035036671,-0.04816421197385168,-0.049135607838978336,-2.4173288150709187,0.0,-0.039544366775377426,31.0,2940.0,18.0,119.08,0,0.0,0,0.0,0.0
60,9.390784127371651,9.26861977090641,0.12216435646524104,0.12119296060011438,-2.532663306411399,0.0,-0.03609494623567677,31.0,2850.0,18.0,118.79,1,0.12216435646524104,0,0.0,0.0
61,9.290989467075892,9.265627491230868,0.02536197584502453,0.02439057997989787,-2.650990077427421,0.0,-0.03908722591121894,31.0,2850.0,18.0,118.79,1,0.02536197584502453,0,0.0,0.0
62,9.222235543387276,9.265161163952886,-0.04292562056560989,-0.04389701643073655,-2.7697831757214253,0.0,-0.03955355318920084,31.0,2850.0,18.0,118.79,1,-0.04292562056560989,0,0.0,0.0
63,9.267510550362724,9.265222510512995,0.002288039849728918,0.0013166439846022575,-2.8885149274553203,0.0,-0.0394922066290917,31.0,2850.0,18.0,118.79,1,0.002288039849728918,0,0.0,0.0
64,9.243172781808036,9.241893846161512,0.0012789356465248147,0.0003075397813981543,-3.030575343540699,0.0,-0.0628208709805751,31.0,2850.0,18.0,118.79,1,0.0012789356465248147,0,0.0,0.0
65,9.224429539271764,9.238559333645568,-0.014129794373804572,-0.015101190238931233,-3.1759702721420204,0.0,-0.06615538349651828,31.0,2850.0,18.0,118.79,1,-0.014129794373804572,0,0.0,0.0
66,9.217435564313616,9.24292568284638,-0.025490118532763617,-0.026461514397890278,-3.3169988515425306,0.0,-0.06178903429570681,31.0,2850.0,18.0,118.79,1,-0.025490118532763617,0,0.0,0.0
67,9.227483476911273,9.269553671077805,-0.04207019416653246,-0.04304159003165912,-3.4313994427116157,0.0,-0.03516104606428172,31.0,2850.0,18.0,118.79,1,-0.04207019416653246,0,0.0,0.0
68,9.267647879464286,9.280748484086017,-0.013100604621730128,-0.014072000486856789,-3.534605220872489,0.0,-0.023966233056070152,31.0,2850.0,18.0,118.79,1,-0.013100604621730128,0,0.0,0.0
69,9.252799987792969,9.288637433733259,-0.035837445940289925,-0.03680884180541658,-3.6299220493861206,0.0,-0.01607728340882808,31.0,2850.0,18.0,118.79,1,-0.035837445940289925,0,0.0,0.0
70,9.453906467982701,9.299085033183196,0.15482143479950494,0.1538500389343783,-3.7147912784498143,0.0,-0.005629683958890297,31.0,2850.0,18.0,118.99,1,0.15482143479950494,0,0.0,0.0
71,9.321536472865514,9.307577483508052,0.013958989357462315,0.012987593492335654,-3.791168057188653,0.0,0.0028627663659648306,31.0,2850.0,18.0,118.99,1,0.013958989357462315,0,0.0,0.0
72,9.279652186802455,9.309005114496971,-0.02935292769451614,-0.0303243235596428,-3.866117204938572,0.0,0.0042903973548842345,31.0,2850.0,18.0,118.99,1,-0.02935292769451614,0,0.0,0.0
73,9.29056876046317,9.31018844915896,-0.01961968869579067,-0.020591084560917332,-3.939883018026501,0.0,0.005473732016874067,31.0,2850.0,18.0,118.99,1,-0.01961968869579067,0,0.0,0.0
74,9.286930629185267,9.283431228326291,0.0034994008589759318,0.0025280049938492715,-4.0404060519471,0.0,-0.021283488815795337,31.0,2850.0,18.0,118.99,1,0.0034994008589759318,0,0.0,0.0
75,9.277641296386719,9.2746304881816,0.0030108082051185647,0.0020394123399919044,-4.14972982601239,0.0,-0.03008422896048657,31.0,2850.0,18.0,118.99,1,0.0030108082051185647,0,0.0,0.0
76,9.261083330426898,9.272487251126037,-0.011403920699139647,-0.012375316564266308,-4.261196837133243,0.0,-0.03222746601604953,31.0,2850.0,18.0,118.99,1,-0.011403920699139647,0,0.0,0.0
77,9.266605922154017,9.285325186593191,-0.0187192644391736,-0.01969066030430026,-4.359825912786942,0.0,-0.019389530548895806,31.0,2850.0,18.0,118.99,1,-0.0187192644391736,0,0.0,0.0
78,9.259931291852679,9.29408139598613,-0.034150104133450654,-0.03512149999857731,-4.4496987790477025,0.0,-0.010633321155957276,31.0,2850.0,18.0,118.99,1,-0.034150104133450654,0,0.0,0.0
79,9.264649527413505,9.300050385144292,-0.03540085773078694,-0.036372253595913596,-4.5336026561503004,0.0,-0.004664331997794591,31.0,2850.0,18.0,118.99,1,-0.03540085773078694,0,0.0,0.0
80,9.380434308733259,9.302575091926418,0.07785921680684105,0.07688782094171438,-4.614981826470773,0.0,-0.0021396252156691276,31.0,2850.0,11.0,118.99,1,0.07785921680684105,0,0.0,0.0
81,9.348224094935826,9.304553907744738,0.04367018719108806,0.042698791325961404,-4.694382180972925,0.0,-0.00016080939734841593,31.0,2850.0,11.0,118.99,1,0.04367018719108806,0,0.0,0.0
82,9.319424220493861,9.314450478067203,0.0049737424266584895,0.004002346561531829,-4.763885965152612,0.0,0.009735760925115855,31.0,2850.0,11.0,118.99,1,0.0049737424266584895,0,0.0,0.0
83,9.278756277901786,9.315103491958306,-0.036347214056519306,-0.037318609921645964,-4.8327367354411965,0.0,0.010388774816219026,31.0,2850.0,11.0,118.99,1,-0.036347214056519306,0,0.0,0.0
84,9.280457632882255,9.29961161710778,-0.019153984225525278,-0.02012538009065194,-4.917079380580306,0.0,-0.005103100034306252,31.0,2850.0,11.0,118.99,1,-0.019153984225525278,0,0.0,0.0
85,9.329207284109932,9.290313253597338,0.03889403051259421,0.037922634647467555,-5.010720389229858,0.0,-0.014401463544748694,31.0,2850.0,11.0,118.99,1,0.03889403051259421,0,0.0,0.0
86,9.269220624651227,9.299554007393972,-0.030333382742744774,-0.03130477860787143,-5.095120644082776,0.0,-0.005160709748114556,31.0,2850.0,11.0,118.99,1,-0.030333382742744774,0,0.0,0.0
87,9.271991184779576,9.316670787577726,-0.04467960279814953,-0.04565099866327619,-5.16240411875194,0.0,0.011956070435639177,31.0,2850.0,11.0,118.99,1,-0.04467960279814953,0,0.0,0.0
88,9.283135550362724,9.308297137824855,-0.025161587462131152,-0.026132983327257813,-5.238061243173975,0.0,0.0035824206827683724,31.0,2850.0,11.0,118.99,1,-0.025161587462131152,0,0.0,0.0
89,9.384109497070312,9.301375875667649,0.08273362140266372,0.08176222553753705,-5.320639629753217,0.0,-0.00333884147443797,31.0,2850.0,11.0,118.99,1,0.08273362140266372,0,0.0,0.0
90,9.398573739188057,9.302184280084102,0.09638945910395513,0.09541806323882847,-5.4024096119160046,0.0,-0.0025304370579846136,31.0,2925.0,11.0,119.08,0,0.0,0,0.0,0.0
91,9.221842084612165,9.299803130480706,-0.07796104586854113,-0.0789324417336678,-5.486560743682189,0.0,-0.004911586661380696,31.0,2925.0,11.0,119.08,0,0.0,0,0.0,0.0
92,9.280758449009486,9.28895973672672,-0.008201287717234607,-0.009172683582361268,-5.581555269202358,0.0,-0.01575498041536605,31.0,2925.0,11.0,119.08,0,0.0,0,0.0,0.0
93,9.274879455566406,9.273824419294085,0.0010550362723211748,8.364040719451439e-05,-5.691685112155163,0.0,-0.03089029784800168,31.0,2925.0,11.0,119.08,0,0.0,0,0.0,0.0
94,9.255323137555804,9.253296054139428,0.00202708341637603,0.0010556875512493695,-5.822343320262625,0.0,-0.05141866300265896,31.0,2925.0,11.0,119.08,0,0.0,0,0.0,0.0
95,9.207231794084821,9.264876229422432,-0.0576444353376111,-0.05861583120273776,-5.941421353087083,0.0,-0.03983848771965448,31.0,2925.0,11.0,119.08,0,0.0,0,0.0,0.0
96,9.278162275041852,9.26896963314134,0.009192641900511944,0.008221246035385283,-6.056405982192633,0.0,-0.035745084000746274,31.0,2925.0,11.0,119.08,0,0.0,0,0.0,0.0
97,9.254875183105469,9.287177105339206,-0.032301922233736846,-0.033273318098863504,-6.153183139100317,0.0,-0.01753761180288116,31.0,2925.0,11.0,119.08,0,0.0,0,0.0,0.0
98,9.302903311593193,9.299342408472178,0.003560903121014647,0.0025895072558879866,-6.237794992875029,0.0,-0.005372308669908676,31.0,2925.0,11.0,119.08,0,0.0,0,0.0,0.0
99,9.309412275041852,9.304986136300222,0.004426138741630226,0.0034547428765035653,-6.316763118821697,0.0,0.00027141915813544415,31.0,2925.0,11.0,119.08,0,0.0,0,0.0,0.0
100,9.402331760951451,9.310705690967794,0.09162606998365774,0.09065467411853108,-6.390011690100794,0.0,0.005990973825706902,31.0,2865.0,18.0,118.76,1,0.09162606998365774,0,0.0,0.0
101,9.340480259486608,9.312115104830994,0.028365154655613622,0.02739375879048696,-6.46185084751669,0.0,0.007400387688907273,31.0,2865.0,18.0,118.76,1,0.028365154655613622,0,0.0,0.0
102,9.246737888881139,9.300378293407206,-0.05364040452606744,-0.0546118003911941,-6.545426816356374,0.0,-0.0043364237348804124,31.0,2865.0,18.0,118.76,1,-0.05364040452606744,0,0.0,0.0
103,9.318199157714844,9.283867660833865,0.03433149688097892,0.03336010101585226,-6.645513417769399,0.0,-0.020847056308221923,31.0,2865.0,18.0,118.76,1,0.03433149688097892,0,0.0,0.0
104,9.26474108014788,9.260443551199776,0.004297528948104201,0.003326133082977541,-6.769024128816513,0.0,-0.04427116594231073,31.0,2865.0,18.0,118.76,1,0.004297528948104201,0,0.0,0.0
105,9.220745631626674,9.242213969327965,-0.021468337701291418,-0.02243973356641808,-6.910764421735438,0.0,-0.06250074781412174,31.0,2865.0,18.0,118.76,1,-0.021468337701291418,0,0.0,0.0
106,9.19383784702846,9.236972575284996,-0.04313472825653619,-0.04410612412166285,-7.057746108697332,0.0,-0.06774214185709049,31.0,2865.0,18.0,118.76,1,-0.04313472825653619,0,0.0,0.0
107,9.238362993512835,9.252472235231984,-0.014109241719149068,-0.01508063758427573,-7.189228135712238,0.0,-0.05224248191010261,31.0,2865.0,18.0,118.76,1,-0.014109241719149068,0,0.0,0.0
108,9.212873186383929,9.255986894880023,-0.04311370849609375,-0.04408510436122041,-7.317195503079105,0.0,-0.04872782226206418,31.0,2865.0,18.0,118.76,1,-0.04311370849609375,0,0.0,0.0
109,9.210048130580358,9.265196352588887,-0.05514822200852976,-0.056119617873656415,-7.435953412737108,0.0,-0.03951836455319935,31.0,2865.0,18.0,118.76,1,-0.05514822200852976,0,0.0,0.0
110,9.42669677734375,9.280487060546875,0.146209716796875,0.14523832093174835,-7.539420614437123,0.0,-0.024227656595211755,31.0,2917.0,18.0,119.59,0,0.0,0,0.0,0.0
111,9.289343697684151,9.291001456124443,-0.0016577584402917012,-0.0026291543054183615,-7.632373420559571,0.0,-0.01371326101764403,31.0,2917.0,18.0,119.59,0,0.0,0,0.0,0.0
112,9.285211835588727,9.298823765345983,-0.013611929757255226,-0.014583325622381887,-7.717503917460478,0.0,-0.005890951796104105,31.0,2917.0,18.0,119.59,0,0.0,0,0.0,0.0
113,9.300872802734375,9.30551630136918,-0.004643498634804288,-0.005614894499930949,-7.795941878338189,0.0,0.0008015842270925333,31.0,2917.0,18.0,119.59,0,0.0,0,0.0,0.0
114,9.311963762555804,9.28137393873565,0.030589823820154294,0.029618427955027633,-7.898522201849429,0.0,-0.023340778406437224,31.0,2917.0,18.0,119.59,0,0.0,0,0.0,0.0
115,9.26762935093471,9.279218868333466,-0.011589517398755689,-0.01256091326388235,-8.003257595762854,0.0,-0.02549584880862099,31.0,2917.0,18.0,119.59,0,0.0,0,0.0,0.0
116,9.256895882742745,9.28282103246572,-0.02592514972297444,-0.0268965455881011,-8.104390825544025,0.0,-0.021893684676367542,31.0,2917.0,18.0,119.59,0,0.0,0,0.0,0.0
117,9.25770023890904,9.296875,-0.039174761090960075,-0.04014615695608673,-8.191470087790915,0.0,-0.007839717142086755,31.0,2917.0,18.0,119.59,0,0.0,0,0.0,0.0
118,9.274258204868861,9.300077632981903,-0.025819428113042164,-0.026790823978168826,-8.275346717055902,0.0,-0.004637084160183491,31.0,2917.0,18.0,119.59,0,0.0,0,0.0,0.0
119,9.310426984514509,9.305862426757812,0.004564557756696175,0.0035931618915695145,-8.35343855254498,0.0,0.001147709615725745,31.0,2917.0,18.0,119.59,0,0.0,0,0.0,0.0
120,9.39925057547433,9.410369250239158,-0.01111867476482864,-0.012090070629955301,-8.32702356455271,0.0,0.10565453309707173,31.0,2917.0,18.0,119.59,0,0.0,0,0.0,0.0
121,9.33438219342913,9.412190028599332,-0.0778078351702014,-0.07877923103532807,-8.29878779820027,0.0,0.10747531145724487,31.0,2917.0,18.0,119.59,0,0.0,0,0.0,0.0
122,9.308122907366071,9.404715090381854,-0.0965921830157832,-0.09756357888090987,-8.278026970065305,0.0,0.10000037323976763,31.0,2917.0,18.0,119.59,0,0.0,0,0.0,0.0
123,9.988443647112165,9.396566274214763,0.591877372897402,0.5909059770322754,-8.265414958097432,0.0,0.09185155707267612,31.0,2917.0,18.0,119.59,0,0.0,1,0.591877372897402,0.0
124,9.270445687430245,9.371977202746333,-0.10153151531608806,-0.10250291118121473,-8.27739201759799,0.0,0.06726248560424608,31.0,2917.0,18.0,119.59,0,0.0,0,0.0,0.0
125,9.22193363734654,9.359471068090322,-0.137537430743782,-0.13850882660890865,-8.301875211754558,0.0,0.054756350948235166,31.0,2917.0,18.0,119.59,0,0.0,0,0.0,0.0
126,9.253385271344866,9.35388744120695,-0.10050216986208405,-0.10147356572721071,-8.331942032794498,0.0,0.049172724064863615,31.0,2917.0,18.0,119.59,0,0.0,0,0.0,0.0
127,9.227127075195312,9.270488816864635,-0.043361741669322384,-0.04433313753444904,-8.445407478176753,0.0,-0.03422590027745187,31.0,2917.0,18.0,119.59,0,0.0,0,0.0,0.0
128,9.246839250837054,9.280052185058594,-0.033212934221539925,-0.03418433008666658,-8.549309555365049,0.0,-0.024662532083493005,31.0,2917.0,18.0,119.59,0,0.0,0,0.0,0.0
129,9.269037519182477,9.283672722018494,-0.014635202836016603,-0.015606598701143264,-8.649591095593445,0.0,-0.021041995123592727,31.0,2917.0,18.0,119.59,0,0.0,0,0.0,0.0
130,9.40465327671596,9.285101598622848,0.11955167809311185,0.11858028222798518,-8.748443759217487,1.0,-0.019613118519238526,32.0,2895.0,18.0,117.82,0,0.0,0,0.0,0.0
131,9.337389264787946,9.28938168895488,0.048007575833066696,0.04703617996794004,-8.843016332509498,1.0,-0.015333028187207276,32.0,2895.0,18.0,117.82,0,0.0,0,0.0,0.0
132,9.247277396065849,9.292764469068878,-0.04548707300302901,-0.04645846886815567,-8.93420612568751,1.0,-0.011950248073208769,32.0,2895.0,18.0,117.82,0,0.0,0,0.0,0.0
133,9.263387407575335,9.287879632443799,-0.024492224868463808,-0.02546362073359047,-9.030280755490601,1.0,-0.016835084698287872,32.0,2895.0,18.0,117.82,0,0.0,0,0.0,0.0
134,9.257087707519531,9.264555016342474,-0.007467308822942442,-0.008438704688069103,-9.149680001395017,1.0,-0.04015970079961306,32.0,2895.0,18.0,117.82,0,0.0,0,0.0,0.0
135,9.270518711635045,9.251984888193558,0.01853382344148713,0.01756242757636047,-9.28164937544835,1.0,-0.052729828948528734,32.0,2895.0,18.0,117.82,0,0.0,0,0.0,0.0
136,9.23484366280692,9.251235183404416,-0.016391520597496267,-0.01736291646262293,-9.414368454290823,1.0,-0.05347953373767034,32.0,2895.0,18.0,117.82,0,0.0,0,0.0,0.0
137,9.241380964006696,9.2695627017897,-0.02818173778300448,-0.02915313364813114,-9.528760014748013,1.0,-0.0351520153523861,32.0,2895.0,18.0,117.82,0,0.0,0,0.0,0.0
138,9.249398367745536,9.273309980119977,-0.02391161237444095,-0.02488300823956761,-9.639404296874925,1.0,-0.03140473702210933,32.0,2895.0,18.0,117.82,0,0.0,0,0.0,0.0
139,9.242029462541852,9.270671610929528,-0.028642148387675093,-0.029613544252801754,-9.752686948192288,1.0,-0.03404310621255924,32.0,2895.0,18.0,117.82,0,0.0,0,0.0,0.0
140,9.391680036272321,9.269779438875158,0.12190059739716297,0.1209292015320363,-9.86686177156402,1.0,-0.03493527826692855,32.0,2850.0,18.0,117.96,1,0.12190059739716297,0,0.0,0.0
141,9.283318655831474,9.269985743931361,0.013332911900112876,0.012361516034986215,-9.980830289879549,1.0,-0.034728973210725655,32.0,2850.0,18.0,117.96,1,0.013332911900112876,0,0.0,0.0
142,9.252050127301898,9.265816669074855,-0.013766541772957552,-0.014737937638084214,-10.098967883051584,1.0,-0.03889804806723163,32.0,2850.0,18.0,117.96,1,-0.013766541772957552,0,0.0,0.0
143,9.228598458426339,9.263076470822703,-0.03447801239636483,-0.03544940826149149,-10.21984567447577,1.0,-0.0416382463193834,32.0,2850.0,18.0,117.96,1,-0.03447801239636483,0,0.0,0.0
144,9.242825099400111,9.236982695910395,0.005842403489715764,0.004871007624589104,-10.366817240812265,1.0,-0.06773202123169142,32.0,2850.0,18.0,117.96,1,0.005842403489715764,0,0.0,0.0
145,9.22021484375,9.232323782784597,-0.0121089390345972,-0.01308033489972386,-10.518447720274558,1.0,-0.07239093435748956,32.0,2850.0,18.0,117.96,1,-0.0121089390345972,0,0.0,0.0
146,9.222848074776786,9.230719897211815,-0.007871822435028264,-0.008843218300154925,-10.671682085309634,1.0,-0.07399481993027202,32.0,2850.0,18.0,117.96,1,-0.007871822435028264,0,0.0,0.0
147,9.209023611886161,9.433993125448422,-0.22496951356226091,-0.22594090942738757,-10.621643222108101,1.0,0.12927840830633563,32.0,2850.0,18.0,117.96,1,-0.22496951356226091,0,0.0,0.0
148,9.250706263950892,9.44967962771046,-0.19897336375956698,-0.19994475962469363,-10.555917856644532,1.0,0.14496491056837257,32.0,2850.0,18.0,117.96,1,-0.19897336375956698,0,0.0,0.0
149,9.240822928292411,9.457869082081075,-0.21704615378866343,-0.21801754965379008,-10.482003036810347,1.0,0.15315436493898815,32.0,2850.0,18.0,117.96,1,-0.21704615378866343,0,0.0,0.0
150,10.651511056082589,9.458779471261161,1.192731584821427,1.1917601889563003,-10.407177827796076,0.0,0.15406475411907472,31.0,2932.0,18.0,117.96,0,0.0,1,1.192731584821427,0.0
151,9.352630615234375,9.463196890694753,-0.11056627546037845,-0.11153767132550511,-10.327935199348213,0.0,0.1584821735526667,31.0,2932.0,18.0,117.96,0,0.0,0,0.0,0.0
152,9.277541024344307,9.483662507971937,-0.20612148362762994,-0.2070928794927566,-10.228226953623166,0.0,0.17894779082985046,31.0,2932.0,18.0,117.96,0,0.0,0,0.0,0.0
153,9.229220799037389,9.495796359315209,-0.26657556027782014,-0.2675469561429468,-10.116384856554847,0.0,0.1910816421731223,31.0,2932.0,18.0,117.96,0,0.0,0,0.0,0.0
154,9.239945547921318,9.3004187759088,-0.060473227987483114,-0.06144462385260977,-10.199920342892936,0.0,-0.004295941233285916,31.0,2932.0,18.0,117.96,0,0.0,0,0.0,0.0
155,9.393965584891182,9.288774762834821,0.1051908220563611,0.10421942619123443,-10.295099842305005,0.0,-0.01593995430726558,31.0,2932.0,18.0,117.96,0,0.0,0,0.0,0.0
156,9.325759887695312,9.281951437191088,0.04380845050422444,0.04283705463909778,-10.397102667360807,0.0,-0.022763279950998694,31.0,2932.0,18.0,117.96,0,0.0,0,0.0,0.0
157,9.283867972237724,9.309319943797831,-0.025451971560107367,-0.026423367425234028,-10.471736985809866,0.0,0.0046052266557445876,31.0,2932.0,18.0,117.96,0,0.0,0,0.0,0.0
158,9.271122523716517,9.313226505201689,-0.04210398148517136,-0.04307537735029802,-10.542464742855067,0.0,0.008511788059601955,31.0,2932.0,18.0,117.96,0,0.0,0,0.0,0.0
159,9.22977774483817,9.28730649364238,-0.05752874880420933,-0.058500144669335986,-10.639112511459578,0.0,-0.017408223499707276,31.0,2932.0,18.0,117.96,0,0.0,0,0.0,0.0
160,9.420800345284599,9.273615778708944,0.14718456657565504,0.1462131707105284,-10.749450994997524,1.0,-0.03109893843314282,32.0,2932.0,17.0,118.82,0,0.0,0,0.0,0.0
161,9.267291477748326,9.264019557407924,0.0032719203404028008,0.0023005244752761405,-10.86938569983649,1.0,-0.040695159734163155,32.0,2932.0,17.0,118.82,0,0.0,0,0.0,0.0
162,9.212525503976005,9.255975061533402,-0.043449557557396545,-0.0444209534225232,-10.997364900549979,1.0,-0.048739655608684984,32.0,2932.0,17.0,118.82,0,0.0,0,0.0,0.0
163,9.229924883161273,9.25567611382932,-0.025751230668047853,-0.026722626533174514,-11.125643048967548,1.0,-0.04903860331276633,32.0,2932.0,17.0,118.82,0,0.0,0,0.0,0.0
164,9.21669442313058,9.227360628089126,-0.010666204958546643,-0.011637600823673305,-11.282236683125312,1.0,-0.07735408905296026,32.0,2932.0,17.0,118.82,0,0.0,0,0.0,0.0
165,9.214811052594866,9.221407364825811,-0.006596312230945145,-0.007567708096071805,-11.44478358054639,1.0,-0.08330735231627528,32.0,2932.0,17.0,118.82,0,0.0,0,0.0,0.0
166,9.227685110909599,9.22551120057398,0.0021739103356193112,0.001202514470492651,-11.603226642219301,1.0,-0.07920351656810709,32.0,2932.0,17.0,118.82,0,0.0,0,0.0,0.0
167,9.222591945103236,9.360488424495774,-0.13789647939253769,-0.13886787525766434,-11.626692479970417,1.0,0.05577370735368703,32.0,2932.0,17.0,118.82,0,0.0,0,0.0,0.0
168,9.225618634905134,9.368109722526706,-0.14249108762157192,-0.14346248348669857,-11.642537019690602,1.0,0.06339500538461884,32.0,2932.0,17.0,118.82,0,0.0,0,0.0,0.0
169,9.24125235421317,9.366477187798948,-0.12522483358577752,-0.12619622945090417,-11.660014094138544,1.0,0.06176247065686091,32.0,2932.0,17.0,118.82,0,0.0,0,0.0,0.0
170,10.174765450613839,9.365923356036749,0.8088420945770896,0.8078706987119629,-11.678045000348686,1.0,0.061208638894662215,32.0,2902.0,17.0,119.96,0,0.0,1,0.8088420945770896,0.0
171,9.270043509347099,9.368489946637833,-0.09844643729073432,-0.09941783315586099,-11.693509315957742,1.0,0.06377522949574654,32.0,2902.0,17.0,119.96,0,0.0,0,0.0,0.0
172,9.203383309500557,9.368576049804688,-0.16519274030413023,-0.16616413616925688,-11.708887528399945,1.0,0.06386133266260074,32.0,2902.0,17.0,119.96,0,0.0,0,0.0,0.0
173,9.223808288574219,9.368197382712848,-0.14438909413862966,-0.1453604900037563,-11.724644407933987,1.0,0.06348266557076165,32.0,2902.0,17.0,119.96,0,0.0,0,0.0,0.0
174,9.240558079310826,9.237953497439015,0.002604581871811007,0.0016331860066843467,-11.870645172741861,1.0,-0.06676121970307136,32.0,2902.0,17.0,119.96,0,0.0,0,0.0,0.0
175,9.226221357073102,9.230855980697942,-0.0046346236248400174,-0.005606019489966678,-12.023743454290809,1.0,-0.07385873644414431,32.0,2902.0,17.0,119.96,0,0.0,0,0.0,0.0
176,9.238601684570312,9.237353889309631,0.001247795260681528,0.0002763993955548675,-12.170343827228068,1.0,-0.06736082783245578,32.0,2902.0,17.0,119.96,0,0.0,0,0.0,0.0
177,9.263058253696986,9.278530665806361,-0.015472412109375,-0.01644380797450166,-12.275767423668597,1.0,-0.026184051335725655,32.0,2902.0,17.0,119.96,0,0.0,0,0.0,0.0
178,9.220360892159599,9.28191344592036,-0.06155255376076063,-0.0625239496258873,-12.377808239995128,1.0,-0.02280127122172715,32.0,2902.0,17.0,119.96,0,0.0,0,0.0,0.0
179,9.248868669782366,9.285036359514509,-0.03616768973214235,-0.03713908559726901,-12.47672614272751,1.0,-0.01967835762757808,32.0,2902.0,17.0,119.96,0,0.0,0,0.0,0.0
180,9.512045724051339,9.289458761409836,0.22258696264150224,0.2216155667763756,-12.571221643564563,1.0,-0.01525595573225047,32.0,2895.0,17.0,121.97,0,0.0,0,0.0,0.0
181,9.264237540108818,9.286368545220821,-0.022131005112003166,-0.023102400977129827,-12.668807360590632,1.0,-0.018346171921265864,32.0,2895.0,17.0,121.97,0,0.0,0,0.0,0.0
182,9.248081752232142,9.300054121990591,-0.05197236975844888,-0.052943765623575535,-12.752707500846931,1.0,-0.004660595151495528,32.0,2895.0,17.0,121.97,0,0.0,0,0.0,0.0
183,9.269558497837611,9.524759409378987,-0.25520091154137603,-0.2561723074065027,-12.611902353714834,1.0,0.22004469223690037,32.0,2895.0,17.0,121.97,0,0.0,0,0.0,0.0
184,9.241426740373884,9.485887955646126,-0.24446121527224207,-0.24543261113736872,-12.509968660315598,1.0,0.181173238504039,32.0,2895.0,17.0,121.97,0,0.0,0,0.0,0.0
185,9.316159929547991,9.478804919184471,-0.16264498963647966,-0.16361638550160632,-12.415118003378018,1.0,0.17409020204238423,32.0,2895.0,17.0,121.97,0,0.0,0,0.0,0.0
186,10.821805681501116,9.474578390316088,1.3472272911850283,1.3462558953199015,-12.32449387530882,1.0,0.1698636731740013,32.0,2895.0,17.0,121.97,0,0.0,1,1.3472272911850283,0.0
187,9.239945547921318,9.602912747130102,-0.36296719920878395,-0.36393859507391063,-12.105535390425608,1.0,0.2981980299880149,32.0,2895.0,17.0,121.97,0,0.0,0,0.0,0.0
188,9.214656284877233,9.608047018245774,-0.39339073336854113,-0.3943621292336678,-11.881442634426724,1.0,0.30333230110368703,32.0,2895.0,17.0,121.97,0,0.0,0,0.0,0.0
189,9.21849605015346,9.595688489018652,-0.37719243886519216,-0.37816383473031884,-11.669708407654962,1.0,0.2909737718765655,32.0,2895.0,17.0,121.97,0,0.0,0,0.0,0.0
190,10.167898995535714,9.362621385224012,0.8052776103117019,0.8043062144465752,-11.69104128467784,1.0,0.057906668081924906,32.0,2895.0,14.0,121.97,0,0.0,1,0.8052776103117019,0.0
191,9.277366638183594,9.35742171929807,-0.08005508111447668,-0.08102647697960334,-11.71757382762666,1.0,0.05270700215598367,32.0,2895.0,14.0,121.97,0,0.0,0,0.0,0.0
192,9.229650224958148,9.35802241734096,-0.1283721923828125,-0.12934358824793915,-11.74350567253259,1.0,0.05330770019887332,32.0,2895.0,14.0,121.97,0,0.0,0,0.0,0.0
193,9.190335954938616,9.358415564712214,-0.16807960977359748,-0.16905100563872413,-11.769044370067267,1.0,0.05370084757012705,32.0,2895.0,14.0,121.97,0,0.0,0,0.0,0.0
194,9.203547886439733,9.216747050382653,-0.013199163942919867,-0.014170559808046528,-11.936251581931504,1.0,-0.08796766675943424,32.0,2895.0,14.0,121.97,0,0.0,0,0.0,0.0
195,9.218861171177455,9.208457168267696,0.010404002909758958,0.009432607044632297,-12.111748675910698,1.0,-0.09625754887439086,32.0,2895.0,14.0,121.97,0,0.0,0,0.0,0.0
196,9.221248081752233,9.205123901367188,0.01612418038504515,0.01515278451991849,-12.290579036790401,1.0,-0.09959081577489926,32.0,2895.0,14.0,121.97,0,0.0,0,0.0,0.0
197,9.176219395228795,9.328369607730787,-0.1521502125019918,-0.15312160836711844,-12.346163691306504,1.0,0.023654890588700184,32.0,2895.0,14.0,121.97,0,0.0,0,0.0,0.0
198,9.219337463378906,9.340502057756696,-0.12116459437778992,-0.12213599024291659,-12.389615895796698,1.0,0.03578734061460942,32.0,2895.0,14.0,121.97,0,0.0,0,0.0,0.0
199,9.206317356654576,9.341743002132493,-0.13542564547791613,-0.13639704134304279,-12.431827155911096,1.0,0.03702828499040578,32.0,2895.0,14.0,121.97,0,0.0,0,0.0,0.0
200,10.053055899483818,9.342706952776227,0.7103489467075903,0.7093775508424637,-12.473074465381758,1.0,0.03799223563414067,32.0,2917.0,14.0,120.6,0,0.0,1,0.7103489467075903,0.0
201,9.288475036621094,9.351503644670759,-0.06302860804966492,-0.06400000391479159,-12.50552508295789,1.0,0.04678892752867192,32.0,2917.0,14.0,120.6,0,0.0,0,0.0,0.0
202,9.227547781808036,9.35609062350526,-0.1285428416972234,-0.12951423756235006,-12.53338872169952,1.0,0.05137590636317313,32.0,2917.0,14.0,120.6,0,0.0,0,0.0,0.0
203,9.22799573625837,9.360868492904974,-0.13287275664660392,-0.13384415251173057,-12.556474491041437,1.0,0.05615377576288694,32.0,2917.0,14.0,120.6,0,0.0,0,0.0,0.0
204,9.237796238490514,9.24140400789222,-0.003607769401705596,-0.0045791652668322564,-12.699024745396107,1.0,-0.06331070924986726,32.0,2917.0,14.0,120.6,0,0.0,0,0.0,0.0
205,9.251446315220424,9.22796661999761,0.023479695222814456,0.022508299357687795,-12.855012387645388,1.0,-0.07674809714447761,32.0,2917.0,14.0,120.6,0,0.0,0,0.0,0.0
206,9.239762442452568,9.234465774224729,0.005296668227838808,0.0043252723627121474,-13.00450087566755,1.0,-0.07024894291735784,32.0,2917.0,14.0,120.6,0,0.0,0,0.0,0.0
207,9.216804504394531,9.308419675243144,-0.09161517084861259,-0.09258656671373926,-13.080035462671296,1.0,0.0037049581010570876,32.0,2917.0,14.0,120.6,0,0.0,0,0.0,0.0
208,9.194413321358818,9.32335647271604,-0.12894315135722145,-0.1299145472223481,-13.140633252202147,1.0,0.018641755573952423,32.0,2917.0,14.0,120.6,0,0.0,0,0.0,0.0
209,9.27304186139788,9.33003079161352,-0.05698893021564011,-0.05796032608076677,-13.194556722835516,1.0,0.02531607447143358,32.0,2917.0,14.0,120.6,0,0.0,0,0.0,0.0
210,9.745673043387276,9.326307024274554,0.4193660191127222,0.4183946232475955,-13.252203960807853,1.0,0.02159230713246707,32.0,2752.0,18.0,116.87,1,0.4193660191127222,0,0.0,0.0
211,9.342353820800781,9.338055669044962,0.004298151755818935,0.003326755890692275,-13.29810255400978,1.0,0.03334095190287556,32.0,2752.0,18.0,116.87,1,0.004298151755818935,0,0.0,0.0
212,9.29816654750279,9.350722488091916,-0.05255594058912649,-0.05352733645425315,-13.331334328164754,1.0,0.04600777094982966,32.0,2752.0,18.0,116.87,1,-0.05255594058912649,0,0.0,0.0
213,9.213696071079799,9.33926656294842,-0.12557049186862201,-0.12654188773374866,-13.376022027463224,1.0,0.03455184580633386,32.0,2752.0,18.0,116.87,1,-0.12557049186862201,0,0.0,0.0
214,9.299045017787389,9.267427249830597,0.031617767956792164,0.030646372091665503,-13.492549039879517,1.0,-0.03728746731149002,32.0,2752.0,18.0,116.87,1,0.031617767956792164,0,0.0,0.0
215,9.2830810546875,9.260321947993063,0.022759106694437037,0.021787710829310376,-13.616181354133344,1.0,-0.04439276914902379,32.0,2752.0,18.0,116.87,1,0.022759106694437037,0,0.0,0.0
216,9.192850385393415,9.257624879175301,-0.06477449378188638,-0.06574588964701304,-13.742510737204933,1.0,-0.04708983796678545,32.0,2752.0,18.0,116.87,1,-0.06477449378188638,0,0.0,0.0
217,9.2427978515625,9.301590277224168,-0.05879242566166809,-0.05976382152679475,-13.824874722227655,1.0,-0.0031244399179186644,32.0,2752.0,18.0,116.87,1,-0.05879242566166809,0,0.0,0.0
218,9.292616707938057,9.30579983458227,-0.013183126644213061,-0.014154522509339722,-13.903029149892275,1.0,0.0010851174401835806,32.0,2752.0,18.0,116.87,1,-0.013183126644213061,0,0.0,0.0
219,9.27928706577846,9.30100374805684,-0.021716682278379196,-0.022688078143505857,-13.985979664082326,1.0,-0.003710969085247484,32.0,2752.0,18.0,116.87,1,-0.021716682278379196,0,0.0,0.0
220,9.521453857421875,9.316075071996572,0.20537878542530308,0.20440738956017643,-14.053858854332644,1.0,0.011360354854485166,32.0,2752.0,18.0,115.68,1,0.20537878542530308,0,0.0,0.0
221,9.328511919294085,9.324964562240911,0.003547357053173883,0.0025759611880472226,-14.112848554338623,1.0,0.020249845098824437,32.0,2752.0,18.0,115.68,1,0.003547357053173883,0,0.0,0.0
222,9.249508449009486,9.331220977160395,-0.08171252815090924,-0.0826839240160359,-14.165581839425117,1.0,0.02650626001830858,32.0,2752.0,18.0,115.68,1,-0.08171252815090924,0,0.0,0.0
223,9.29834965297154,9.3797682158801,-0.08141856290855998,-0.08238995877368664,-14.169767885791908,1.0,0.07505349873801315,32.0,2752.0,18.0,115.68,1,-0.08141856290855998,0,0.0,0.0
224,9.30502428327288,9.343501032615194,-0.03847674934231371,-0.03944814520744037,-14.210221115423604,1.0,0.03878631547310718,32.0,2752.0,18.0,115.68,1,-0.03847674934231371,0,0.0,0.0
225,9.336411612374443,9.360949457908163,-0.02453784553371996,-0.02550924139884662,-14.233225919762331,1.0,0.05623474076607593,32.0,2752.0,18.0,115.68,1,-0.02453784553371996,0,0.0,0.0
226,9.619117736816406,9.36099523427535,0.25812250254105606,0.2571511066759294,-14.256184947733871,1.0,0.05628051713326343,32.0,2752.0,18.0,115.68,1,0.25812250254105606,0,0.0,0.0
227,9.267583574567523,9.373792687240911,-0.10620911267338862,-0.10718050853851528,-14.26634652273985,1.0,0.06907797009882444,32.0,2752.0,18.0,115.68,1,-0.10620911267338862,0,0.0,0.0
228,9.450650896344866,9.369848134566325,0.08080276177854095,0.07983136591341429,-14.280452650420415,1.0,0.06513341742423862,32.0,2752.0,18.0,115.68,1,0.08080276177854095,0,0.0,0.0
229,9.249828883579799,9.360346112932476,-0.11051722935267705,-0.11148862521780371,-14.30406079973483,1.0,0.05563139579038889,32.0,2752.0,18.0,115.68,1,-0.11051722935267705,0,0.0,0.0
230,9.387931823730469,9.306627857441804,0.08130396628866521,0.08033257042353854,-14.381387204539916,1.0,0.0019131402997167868,32.0,2940.0,18.0,115.68,0,0.0,0,0.0,0.0
231,9.277412414550781,9.309258441535793,-0.03184602698501138,-0.032817422850138035,-14.456083025251013,1.0,0.0045437243937058724,32.0,2940.0,18.0,115.68,0,0.0,0,0.0,0.0
232,9.2698974609375,9.281197839853714,-0.011300378916214271,-0.012271774781340932,-14.55883944764419,1.0,-0.023516877288372484,32.0,2940.0,18.0,115.68,0,0.0,0,0.0,0.0
233,9.243089948381696,9.297167719626913,-0.05407777124521651,-0.05504916711034317,-14.645625990264167,1.0,-0.00754699751517407,32.0,2940.0,18.0,115.68,0,0.0,0,0.0,0.0
234,9.285997663225446,9.263862921267139,0.022134741958307558,0.021163346093180897,-14.765717331243918,1.0,-0.04085179587494814,32.0,2940.0,18.0,115.68,0,0.0,0,0.0,0.0
235,9.254226684570312,9.26736730458785,-0.013140620017537685,-0.014112015882664346,-14.882304288902958,1.0,-0.03734741255423657,32.0,2940.0,18.0,115.68,0,0.0,0,0.0,0.0
236,9.361618041992188,9.275081245266659,0.08653679672552883,0.08556540086040217,-14.99117730588319,1.0,-0.029633471875428086,32.0,2940.0,18.0,115.68,0,0.0,0,0.0,0.0
237,9.154798235212054,9.300299975336815,-0.14550174012476091,-0.14647313598988757,-15.074831592793265,1.0,-0.0044147418052720155,32.0,2940.0,18.0,115.68,0,0.0,0,0.0,0.0
238,9.301943097795759,9.32157664396325,-0.01963354616749058,-0.02060494203261724,-15.137209211076906,1.0,0.0168619268211625,32.0,2940.0,18.0,115.68,0,0.0,0,0.0,0.0
239,9.323895045689174,9.31803831762197,0.0058567280672043864,0.004885332202077726,-15.203125155701827,1.0,0.013323600479882458,32.0,2940.0,18.0,115.68,0,0.0,0,0.0,0.0
240,9.419621058872767,9.317923409598214,0.10169764927455383,0.10072625340942716,-15.269156008350503,1.0,0.01320869245612677,32.0,2940.0,18.0,116.37,0,0.0,0,0.0,0.0
241,9.434934343610491,9.328911761848293,0.1060225817621987,0.10505118589707203,-15.3241985087491,1.0,0.024197044706205872,32.0,2940.0,18.0,116.37,0,0.0,0,0.0,0.0
242,9.229458400181361,9.32353568563656,-0.09407728545519944,-0.09504868132032611,-15.38461708535943,1.0,0.01882096849447379,32.0,2940.0,18.0,116.37,0,0.0,0,0.0,0.0
243,9.360813685825892,9.30373616121253,0.05707752461336213,0.05610612874823547,-15.46483518639379,1.0,-0.000978555929556535,32.0,2940.0,18.0,116.37,0,0.0,0,0.0,0.0
244,9.231716700962611,9.270470444036988,-0.038753743074376956,-0.039725138939503614,-15.578319004603692,1.0,-0.0342442731050987,32.0,2940.0,18.0,116.37,0,0.0,0,0.0,0.0
245,9.264310564313616,9.232045699139029,0.0322648651745876,0.03129346930946094,-15.730227567711554,1.0,-0.07266901800305803,32.0,2940.0,18.0,116.37,0,0.0,0,0.0,0.0
246,9.185298374720983,9.222433907645089,-0.037135532924105874,-0.03810692878923253,-15.891747922313355,1.0,-0.08228080949699823,32.0,2940.0,18.0,116.37,0,0.0,0,0.0,0.0
247,9.186761038643974,9.231644610969388,-0.04488357232541418,-0.045854968190540836,-16.044057573590855,1.0,-0.0730701061726986,32.0,2940.0,18.0,116.37,0,0.0,0,0.0,0.0
248,9.165961129324776,9.233102292430644,-0.06714116310586782,-0.06811255897099448,-16.1949095434071,1.0,-0.07161242471144291,32.0,2940.0,18.0,116.37,0,0.0,0,0.0,0.0
249,9.162175859723773,9.22499909692881,-0.06282323720503769,-0.06379463307016435,-16.35386470872518,1.0,-0.0797156202132765,32.0,2940.0,18.0,116.37,0,0.0,0,0.0,0.0
250,9.425288609095983,9.222637565768494,0.20265104332748862,0.20167964746236197,-16.515181405203577,1.0,-0.08207715137359273,32.0,2850.0,18.0,117.4,1,0.20265104332748862,0,0.0,0.0
251,9.241920471191406,9.227919598014987,0.014000873176419404,0.013029477311292743,-16.67121606943548,1.0,-0.07679511912709991,32.0,2850.0,18.0,117.4,1,0.014000873176419404,0,0.0,0.0
252,9.207588195800781,9.23414066859654,-0.026552472795758675,-0.027523868660885336,-16.82102966308583,1.0,-0.07057404854554683,32.0,2850.0,18.0,117.4,1,-0.026552472795758675,0,0.0,0.0
253,9.168767656598773,9.232916851432956,-0.06414919483418302,-0.06512059069930969,-16.972067073899765,1.0,-0.07179786570913116,32.0,2850.0,18.0,117.4,1,-0.06414919483418302,0,0.0,0.0
254,9.22373526436942,9.19255509668467,0.031180167684750515,0.030208771819623854,-17.163466239461986,1.0,-0.11215962045741712,32.0,2850.0,18.0,117.4,1,0.031180167684750515,0,0.0,0.0
255,9.209508623395648,9.186870730653101,0.02263789274254613,0.021666496877419467,-17.360549771055773,1.0,-0.11784398648898531,32.0,2850.0,18.0,117.4,1,0.02263789274254613,0,0.0,0.0
256,9.153609139578682,9.179236509362045,-0.025627369783363108,-0.02659876564848977,-17.56526752394062,1.0,-0.12547820778004137,32.0,2850.0,18.0,117.4,1,-0.025627369783363108,0,0.0,0.0
257,9.14275632585798,9.193808964320592,-0.051052638462612876,-0.052024034327739534,-17.75541282186692,1.0,-0.11090575282149473,32.0,2850.0,18.0,117.4,1,-0.051052638462612876,0,0.0,0.0
258,9.202129908970424,9.190500454026825,0.01162945494359846,0.0106580590784718,-17.948866630086982,1.0,-0.11421426311526162,32.0,2850.0,18.0,117.4,1,0.01162945494359846,0,0.0,0.0
259,9.154148646763392,9.204064583291812,-0.049915936528419635,-0.05088733239354629,-18.12875630904206,1.0,-0.10065013385027477,32.0,2850.0,18.0,117.4,1,-0.049915936528419635,0,0.0,0.0
260,9.270774841308594,9.203275641616509,0.06749919969208484,0.06652780382695818,-18.30943492967244,1.0,-0.10143907552557785,32.0,2857.0,18.0,118.22,1,0.06749919969208484,0,0.0,0.0
261,9.200575692313057,9.209245954241071,-0.0086702619280139,-0.009641657793140562,-18.48414323767826,1.0,-0.09546876290101558,32.0,2857.0,18.0,118.22,1,-0.0086702619280139,0,0.0,0.0
262,9.304457528250557,9.214943243532764,0.08951428471779366,0.08854288885266699,-18.653154256392387,1.0,-0.08977147360932314,32.0,2857.0,18.0,118.22,1,0.08951428471779366,0,0.0,0.0
263,9.148086547851562,9.21752680564413,-0.0694402577925679,-0.07041165365769457,-18.819581712995145,1.0,-0.08718791149795635,32.0,2857.0,18.0,118.22,1,-0.0694402577925679,0,0.0,0.0
264,9.184548514229911,9.221229708924584,-0.03668119469467257,-0.03765259055979923,-18.98230626631745,1.0,-0.08348500821750271,32.0,2857.0,18.0,118.22,1,-0.03668119469467257,0,0.0,0.0
265,9.242010934012276,9.217715049276546,0.02429588473573041,0.02332448887060375,-19.148545479287797,1.0,-0.08699966786554114,32.0,2857.0,18.0,118.22,1,0.02429588473573041,0,0.0,0.0
266,9.172233581542969,9.209534781319753,-0.0373011997767847,-0.03827259564191136,-19.322964960214932,1.0,-0.0951799358223333,32.0,2857.0,18.0,118.22,1,-0.0373011997767847,0,0.0,0.0
267,9.296695164271764,9.236777947873485,0.059917216398279294,0.058945820533152636,-19.470141274588336,1.0,-0.06793676926860215,32.0,2857.0,18.0,118.22,1,0.059917216398279294,0,0.0,0.0
268,9.175973074776786,9.2393484310228,-0.06337535624601287,-0.06434675211113954,-19.614747105812427,1.0,-0.06536628611928741,32.0,2857.0,18.0,118.22,1,-0.06337535624601287,0,0.0,0.0
269,9.247195652553014,9.231396889200017,0.015798763352997014,0.014827367487870353,-19.7673044788593,1.0,-0.07331782794206987,32.0,2857.0,18.0,118.22,1,0.015798763352997014,0,0.0,0.0
270,9.338788713727679,9.233068660813935,0.10572005291374431,0.10474865704861765,-19.918190080292256,1.0,-0.07164605632815224,32.0,2940.0,11.0,118.22,0,0.0,0,0.0,0.0
271,9.202541896275111,9.267167539012675,-0.06462564273756399,-0.06559703860269066,-20.03497680352647,1.0,-0.03754717812941166,32.0,2940.0,11.0,118.22,0,0.0,0,0.0,0.0
272,9.18635014125279,9.358832378776706,-0.17248223752391567,-0.17345363338904232,-20.060098686996653,1.0,0.05411766163461884,32.0,2940.0,11.0,118.22,0,0.0,0,0.0,0.0
273,9.183935982840401,9.351323497538663,-0.1673875146982624,-0.16835891056338906,-20.09272945170488,1.0,0.04660878039657668,32.0,2940.0,11.0,118.22,0,0.0,0,0.0,0.0
274,9.535387311662946,9.332792165328044,0.20259514633490205,0.2016237504697754,-20.143891548623728,1.0,0.028077448185957365,32.0,2940.0,11.0,118.22,0,0.0,0,0.0,0.0
275,9.817626953125,9.328808531469228,0.48881842165577183,0.48784702579064515,-20.199037279401388,1.0,0.024093814327141416,32.0,2940.0,11.0,118.22,0,0.0,0,0.0,0.0
276,9.194633483886719,9.397012827347734,-0.20237934346101483,-0.20335073932614148,-20.185978714300546,1.0,0.09229811020564682,32.0,2940.0,11.0,118.22,0,0.0,0,0.0,0.0
277,9.209069388253349,9.409461507991868,-0.20039211973851856,-0.2013635156036452,-20.16047146855557,1.0,0.10474679084978078,32.0,2940.0,11.0,118.22,0,0.0,0,0.0,0.0
278,9.174656459263392,9.372060658980388,-0.19740419971699552,-0.19837559558212217,-20.17236507182207,1.0,0.06734594183830112,32.0,2940.0,11.0,118.22,0,0.0,0,0.0,0.0
279,9.663780212402344,9.290776778240593,0.37300343416175075,0.37203203829662407,-20.265542555828368,1.0,-0.013937938901493752,32.0,2940.0,11.0,118.22,0,0.0,0,0.0,0.0
280,9.27107674734933,9.289324390644929,-0.018247643295598692,-0.019219039160725353,-20.360172427430328,1.0,-0.015390326497158213,32.0,2940.0,11.0,118.37,0,0.0,0,0.0,0.0
281,9.273581368582589,9.284588405064174,-0.011007036481585075,-0.011978432346711736,-20.459538284613046,1.0,-0.020126312077913155,32.0,2940.0,11.0,118.37,0,0.0,0,0.0,0.0
282,9.248639787946429,9.310163536850286,-0.06152374890385737,-0.062495144768984025,-20.533329010009652,1.0,0.005448819708199437,32.0,2940.0,11.0,118.37,0,0.0,0,0.0,0.0
283,9.184466770717076,9.233989248470383,-0.04952247775330676,-0.05049387361843342,-20.68329402378616,1.0,-0.0707254686717036,32.0,2940.0,11.0,118.37,0,0.0,0,0.0,0.0
284,9.175917489188057,9.218827773113638,-0.04291028392558083,-0.043881679790707485,-20.84842051291941,1.0,-0.08588694402844865,32.0,2940.0,11.0,118.37,0,0.0,0,0.0,0.0
285,9.353682381766182,9.248067972611407,0.10561440915477505,0.10464301328964838,-20.984306802554894,1.0,-0.05664674453067953,32.0,2940.0,11.0,118.37,0,0.0,0,0.0,0.0
286,9.130560193743024,9.242207507697902,-0.1116473139548777,-0.11261870982000437,-21.12605355710388,1.0,-0.06250720944418475,32.0,2940.0,11.0,118.37,0,0.0,0,0.0,0.0
287,9.16494641985212,9.278150675248124,-0.11320425539600443,-0.11417565126113109,-21.231857144102648,1.0,-0.026564041893962553,32.0,2940.0,11.0,118.37,0,0.0,0,0.0,0.0
288,9.478262765066964,9.279617543123207,0.19864522194375667,0.19767382607863002,-21.33619386322633,1.0,-0.025097174018879898,32.0,2940.0,11.0,118.37,0,0.0,0,0.0,0.0
289,9.207616533551898,9.268290850580955,-0.06067431702905779,-0.06164571289418445,-21.451857274892266,1.0,-0.03642386656113139,32.0,2940.0,11.0,118.37,0,0.0,0,0.0,0.0
290,9.436068943568639,9.281746533452248,0.15432241011639114,0.1533510142512645,-21.554065003686908,1.0,-0.022968183689838995,32.0,2842.0,18.0,117.34,1,0.15432241011639114,0,0.0,0.0
291,9.186185564313616,9.275168905452805,-0.08898334113918871,-0.08995473700431537,-21.662850360480995,1.0,-0.02954581168928172,32.0,2842.0,18.0,117.34,1,-0.08898334113918871,0,0.0,0.0
292,9.274395533970424,9.22771625129544,0.046679282674983114,0.045707886809856456,-21.819088371432443,1.0,-0.07699846584664627,32.0,2842.0,18.0,117.34,1,0.046679282674983114,0,0.0,0.0
293,9.224749973842076,9.227974716497926,-0.0032247426558491554,-0.004196138520975816,-21.975067917181406,1.0,-0.0767400006441612,32.0,2842.0,18.0,117.34,1,-0.0032247426558491554,0,0.0,0.0
294,9.118903023856026,9.208638872419085,-0.08973584856305905,-0.09070724442818572,-22.15038330700921,1.0,-0.09607584472300168,32.0,2842.0,18.0,117.34,1,-0.08973584856305905,0,0.0,0.0
295,9.146094185965401,9.204946401167888,-0.058852215202486846,-0.059823611067613504,-22.329391168088215,1.0,-0.09976831597419888,32.0,2842.0,18.0,117.34,1,-0.058852215202486846,0,0.0,0.0
296,9.209425789969307,9.191131591796875,0.018294198172432274,0.017322802307305613,-22.522213838538228,1.0,-0.11358312534521176,32.0,2842.0,18.0,117.34,1,0.018294198172432274,0,0.0,0.0
297,9.300718035016741,9.204793657575335,0.09592437744140625,0.09495298157627959,-22.701374443209783,1.0,-0.09992105956675168,32.0,2842.0,18.0,117.34,1,0.09592437744140625,0,0.0,0.0
298,9.160338265555245,9.216138567243304,-0.05580030168805905,-0.05677169755318571,-22.86919013821337,1.0,-0.08857614989878293,32.0,2842.0,18.0,117.34,1,-0.05580030168805905,0,0.0,0.0
299,9.177691868373326,9.241648304219147,-0.06395643584582089,-0.06492783171094756,-23.01149609624111,1.0,-0.06306641292293946,32.0,2842.0,18.0,117.34,1,-0.06395643584582089,0,0.0,0.0
300,9.320384434291295,9.235953661860252,0.08443077243104291,0.08345937656591625,-23.15949669662775,1.0,-0.06876105528183452,32.0,2850.0,18.0,120.49,1,0.08443077243104291,0,0.0,0.0
301,9.198317391531807,9.227428514130262,-0.029111122598454386,-0.030082518463581048,-23.316022444744377,1.0,-0.0772862030118251,32.0,2850.0,18.0,120.49,1,-0.029111122598454386,0,0.0,0.0
302,9.324662344796318,9.248073032924108,0.07658931187221008,0.07561791600708341,-23.45190367406716,1.0,-0.056641684217979105,32.0,2850.0,18.0,120.49,1,0.07658931187221008,0,0.0,0.0
303,9.169563293457031,9.245864245356344,-0.07630095189931296,-0.07727234776443963,-23.589993690957705,1.0,-0.05885047178574254,32.0,2850.0,18.0,120.49,1,-0.07630095189931296,0,0.0,0.0
304,9.241042000906807,9.244413103376115,-0.0033711024693072744,-0.004342498334433935,-23.729534849828482,1.0,-0.060301613765972206,32.0,2850.0,18.0,120.49,1,-0.0033711024693072744,0,0.0,0.0
305,9.304849897112165,9.258256717604032,0.046593179508132465,0.04562178364300581,-23.85523239447134,1.0,-0.046457999538054295,32.0,2850.0,18.0,120.49,1,0.046593179508132465,0,0.0,0.0
306,9.162230355398995,9.240272833376514,-0.07804247797751884,-0.07901387384264551,-23.998913823341717,1.0,-0.06444188376557314,32.0,2850.0,18.0,120.49,1,-0.07804247797751884,0,0.0,0.0
307,9.310226440429688,9.278954953563456,0.03127148686623116,0.030300091001104496,-24.10391313202515,1.0,-0.025759763578630412,32.0,2850.0,18.0,120.49,1,0.03127148686623116,0,0.0,0.0
308,9.295222691127233,9.288679006148357,0.00654368497887603,0.0055722891137493695,-24.19918838812368,1.0,-0.016035710993730135,32.0,2850.0,18.0,120.49,1,0.00654368497887603,0,0.0,0.0
309,9.198775155203682,9.27145650435467,-0.07268134915098834,-0.073652745016115,-24.3116861460159,1.0,-0.03325821278741614,32.0,2850.0,18.0,120.49,1,-0.07268134915098834,0,0.0,0.0
310,9.440338134765625,9.279780485192124,0.1605576495735015,0.15958625370837484,-24.41585992307067,1.0,-0.024934231949963248,32.0,2940.0,18.0,120.49,0,0.0,0,0.0,0.0
311,9.309110369001116,9.260842926648198,0.04826744235291791,0.04729604648779125,-24.538971258669363,1.0,-0.04387179049388834,32.0,2940.0,18.0,120.49,0,0.0,0,0.0,0.0
312,9.184292384556361,9.25828287552814,-0.07399049097177901,-0.07496188683690568,-24.664642645388113,1.0,-0.046431841613946645,32.0,2940.0,18.0,120.49,0,0.0,0,0.0,0.0
313,9.220498221261161,9.271856035505023,-0.0513578142438611,-0.05232921010898776,-24.77674087212998,1.0,-0.03285868163706418,32.0,2940.0,18.0,120.49,0,0.0,0,0.0,0.0
314,9.17766353062221,9.229364044812261,-0.05170051419005084,-0.0526719100551775,-24.93133108956461,1.0,-0.07535067232982584,32.0,2940.0,18.0,120.49,0,0.0,0,0.0,0.0
315,9.27730233328683,9.20910613390864,0.06819619937818899,0.06722480351306233,-25.106179217902856,1.0,-0.0956085832334459,32.0,2940.0,18.0,120.49,0,0.0,0,0.0,0.0
316,9.293787275041852,9.214752508669482,0.07903476637237006,0.0780633705072434,-25.275380971480264,1.0,-0.08996220847260439,32.0,2940.0,18.0,120.49,0,0.0,0,0.0,0.0
317,9.142894199916295,9.229612233687421,-0.08671803377112575,-0.08768942963625241,-25.429723000039733,1.0,-0.07510248345466586,32.0,2940.0,18.0,120.49,0,0.0,0,0.0,0.0
318,9.167304992675781,9.271512712751116,-0.10420772007533508,-0.10517911594046174,-25.542164549535507,1.0,-0.03320200439097043,32.0,2940.0,18.0,120.49,0,0.0,0,0.0,0.0
319,9.223817007882255,9.30405737429249,-0.08024036641023535,-0.08121176227536202,-25.622061437489904,1.0,-0.0006573428495961764,32.0,2940.0,18.0,120.49,0,0.0,0,0.0,0.0
320,9.324516296386719,9.295337754852918,0.02917854153380084,0.028207145668674178,-25.710677944883876,1.0,-0.009376962289168844,32.0,2940.0,18.0,119.26,0,0.0,0,0.0,0.0
321,9.47096688406808,9.314199330855388,0.15676755321269198,0.15579615734756533,-25.780432876275377,1.0,0.009484613713301115,32.0,2940.0,18.0,119.26,0,0.0,0,0.0,0.0
322,9.505114964076451,9.319137728944117,0.18597723513233433,0.18500583926720768,-25.84524940957815,1.0,0.014423011802030317,32.0,2940.0,18.0,119.26,0,0.0,0,0.0,0.0
323,9.232749938964844,9.314567565917969,-0.081817626953125,-0.08278902281825166,-25.91463610590707,1.0,0.009852848775881995,32.0,2940.0,18.0,119.26,0,0.0,0,0.0,0.0
324,9.274925231933594,9.305111320651307,-0.030186088717712778,-0.03115748458283944,-25.993479047502653,1.0,0.00039660350921977283,32.0,2940.0,18.0,119.26,0,0.0,0,0.0,0.0
325,9.201873779296875,9.267246791294642,-0.06537301199776735,-0.06634440786289401,-26.110186518454903,1.0,-0.037467925847444405,32.0,2940.0,18.0,119.26,0,0.0,0,0.0,0.0
326,9.191825866699219,9.229663148218272,-0.03783728151905308,-0.038808677384179736,-26.26447763248352,1.0,-0.07505156892381493,32.0,2940.0,18.0,119.26,0,0.0,0,0.0,0.0
327,9.258322579520089,9.25692453189772,0.0013980476223682814,0.000426651757241621,-26.39150736283269,1.0,-0.04779018524436651,32.0,2940.0,18.0,119.26,0,0.0,0,0.0,0.0
328,9.205915178571429,9.243482005839445,-0.03756682726801586,-0.038538223133142514,-26.531979619240136,1.0,-0.06123271130264207,32.0,2940.0,18.0,119.26,0,0.0,0,0.0,0.0
329,9.242029462541852,9.259595754195232,-0.017566291653379196,-0.018537687518505857,-26.656338127291797,1.0,-0.045118962946855135,32.0,2940.0,18.0,119.26,0,0.0,0,0.0,0.0
330,9.423579624720983,9.262939453125,0.16064017159598265,0.159668775730856,-26.777352936413685,1.0,-0.041775264017086755,32.0,2797.0,18.0,117.98,1,0.16064017159598265,0,0.0,0.0
331,9.18082754952567,9.251914355219625,-0.07108680569395531,-0.07205820155908198,-26.909392843440948,1.0,-0.05280036192246129,32.0,2797.0,18.0,117.98,1,-0.07108680569395531,0,0.0,0.0
332,9.314670017787389,9.27188375044842,0.04278626733896829,0.04181487147384163,-27.02146335523942,1.0,-0.03283096669366614,32.0,2797.0,18.0,117.98,1,0.04278626733896829,0,0.0,0.0
333,9.215231759207589,9.2655935482103,-0.05036178900271082,-0.05133318486783748,-27.13982406927601,1.0,-0.03912116893178741,32.0,2797.0,18.0,117.98,1,-0.05036178900271082,0,0.0,0.0
334,9.181146894182477,9.230097089494977,-0.0489501953125,-0.04992159117762666,-27.293681242027922,1.0,-0.07461762764710933,32.0,2797.0,18.0,117.98,1,-0.0489501953125,0,0.0,0.0
335,9.345700945172991,9.3980787627551,-0.05237781758210858,-0.053349213447235234,-27.279556741519713,1.0,0.09336404561301315,32.0,2797.0,18.0,117.98,1,-0.05237781758210858,0,0.0,0.0
336,9.197998046875,9.375621250697543,-0.17762320382254337,-0.17859459968767002,-27.28788975306906,1.0,0.07090653355545662,32.0,2797.0,18.0,117.98,1,-0.17762320382254337,0,0.0,0.0
337,9.175104413713727,9.391011296486367,-0.21590688277263936,-0.21687827863776601,-27.280832718829583,1.0,0.08629657934428003,32.0,2797.0,18.0,117.98,1,-0.21590688277263936,0,0.0,0.0
338,10.35669926234654,9.399714100117587,0.9569851622289534,0.9560137663638267,-27.265072880958886,1.0,0.09499938297549981,32.0,2797.0,18.0,117.98,1,0.9569851622289534,1,0.9569851622289534,0.0
339,9.157467433384486,9.391502380371094,-0.23403494698660765,-0.2350063428517343,-27.257524762834684,1.0,0.086787663229007,32.0,2797.0,18.0,117.98,1,-0.23403494698660765,0,0.0,0.0
340,9.322962079729352,9.385947402642696,-0.06298532291334347,-0.06395671877847013,-27.25553162243888,1.0,0.08123268550060914,32.0,2820.0,18.0,116.83,1,-0.06298532291334347,0,0.0,0.0
341,9.242066519601005,9.386461997518733,-0.1443954779177279,-0.14536687378285454,-27.25302388716704,1.0,0.08174728037664636,32.0,2820.0,18.0,116.83,1,-0.1443954779177279,0,0.0,0.0
342,9.288218906947545,9.284623593700175,0.0035953132473700578,0.0026239173822433974,-27.352354555713752,1.0,-0.020091123441911662,32.0,2820.0,18.0,116.83,1,0.0035953132473700578,0,0.0,0.0
343,9.159113202776227,9.30322281195193,-0.14410960917570215,-0.1450810050408288,-27.433086006008715,1.0,-0.0014919051901571834,32.0,2820.0,18.0,116.83,1,-0.14410960917570215,0,0.0,0.0
344,9.178706577845983,9.285257144850126,-0.10655056700414356,-0.10752196286927022,-27.53178312340548,1.0,-0.019457572291960545,32.0,2820.0,18.0,116.83,1,-0.10655056700414356,0,0.0,0.0
345,9.64383043561663,9.280113531618701,0.3637169039979291,0.36274550813280243,-27.635623854033668,1.0,-0.024601185523385638,32.0,2820.0,18.0,116.83,1,0.3637169039979291,0,0.0,0.0
346,9.287661961146764,9.365769055424904,-0.07810709427814011,-0.07907849014326677,-27.653809060855654,1.0,0.061054338282817255,32.0,2820.0,18.0,116.83,1,-0.07810709427814011,0,0.0,0.0
347,9.197202410016741,9.37247591602559,-0.17527350600884795,-0.1762449018739746,-27.665287407076953,1.0,0.06776119888350252,32.0,2820.0,18.0,116.83,1,-0.17527350600884795,0,0.0,0.0
348,9.206061226981026,9.37511817776427,-0.16905695078324356,-0.17002834664837022,-27.674123491559573,1.0,0.07040346062218283,32.0,2820.0,18.0,116.83,1,-0.16905695078324356,0,0.0,0.0
349,9.88780757359096,9.324236967125717,0.5635706064652428,0.5625992106001162,-27.733840786680744,1.0,0.019522249983630502,32.0,2820.0,18.0,116.83,1,0.5635706064652428,1,0.5635706064652428,0.0
